842,921,839,873,616,902,880,844,927,925,851,885,780,898,868,932,903,872,855,736,915,856,862,843,904,837,823,853,869,945,855,856,847,888,900,860,820
863,912,842,873,619,894,893,847,939,912,848,891,786,898,872,949,892,868,858,754,916,874,868,853,914,838,822,863,873,947,848,870,857,901,891,856,815
867,927,852,882,625,901,889,862,933,923,850,887,792,894,886,962,892,880,850,752,915,845,875,849,916,850,846,869,878,965,856,861,862,903,919,871,826
869,920,849,873,625,903,881,856,945,923,863,913,797,890,880,953,912,885,847,763,939,875,865,857,912,831,841,858,859,965,876,871,858,901,915,873,845
861,926,847,879,612,901,887,854,937,923,855,900,786,893,889,944,897,877,866,761,923,870,857,868,913,848,859,871,865,953,862,879,850,911,908,862,843
872,925,849,881,627,899,882,856,941,933,858,897,794,890,882,956,917,871,863,757,921,880,865,853,914,846,851,866,873,955,841,871,861,899,909,875,833
879,933,842,871,611,916,878,849,948,919,847,886,783,901,888,942,911,862,862,758,910,852,872,842,913,838,838,866,865,950,854,883,844,888,907,864,825
882,919,843,873,631,911,888,860,936,926,860,916,790,890,877,955,914,883,859,758,929,870,870,860,915,846,841,872,866,957,852,873,865,902,898,880,823
874,925,852,888,621,903,895,849,931,930,852,908,800,900,881,953,921,878,862,745,939,866,871,856,905,851,848,865,879,957,862,877,862,909,893,879,827
876,929,847,879,622,899,893,862,938,909,859,887,796,893,878,951,918,878,870,747,932,893,856,848,910,838,838,863,883,947,862,864,847,898,901,867,827
870,907,847,873,627,899,894,848,941,913,848,903,797,901,882,960,914,870,858,754,927,872,871,850,919,840,855,874,864,961,853,881,859,898,896,871,820
864,920,837,874,621,907,883,847,942,914,849,889,781,896,893,944,914,873,875,758,935,886,858,842,909,841,852,874,871,956,845,874,852,884,895,866,828
850,920,845,878,613,890,886,849,933,922,825,884,789,891,882,957,918,858,864,740,902,873,859,850,902,835,827,857,859,940,845,863,850,883,897,869,814
842,914,847,870,613,885,881,842,934,911,828,881,780,895,883,945,908,867,854,748,916,870,852,843,904,848,821,845,869,950,849,856,836,886,895,856,805
838,908,839,881,614,900,871,846,939,903,831,893,796,890,872,946,902,861,854,744,928,860,839,847,890,832,827,846,875,936,839,857,840,869,905,857,823
870,919,838,889,624,904,902,860,941,922,843,897,803,900,898,948,920,878,867,751,931,879,866,858,903,838,839,850,884,948,865,863,859,889,904,866,826
866,921,844,881,626,906,890,870,947,948,836,901,799,897,887,968,932,882,867,758,932,880,878,859,908,840,859,873,890,956,858,874,871,885,901,871,835
871,916,848,883,621,915,887,856,935,929,845,903,818,905,891,977,909,885,864,765,928,873,860,841,918,851,839,875,870,963,857,875,860,911,910,866,823
867,935,860,895,628,898,894,854,936,942,839,885,790,903,888,948,927,869,862,775,925,896,862,861,909,856,856,866,871,949,852,878,857,902,913,866,807
879,910,862,887,616,910,874,862,940,944,851,900,775,901,887,958,914,870,873,746,927,880,860,844,916,845,852,873,856,960,863,867,867,887,916,871,809
870,930,848,891,621,901,887,851,939,940,851,886,777,897,889,951,932,883,858,749,910,881,853,854,922,842,845,863,853,959,853,874,867,895,908,871,811
864,926,845,879,624,917,886,870,938,940,836,898,780,909,883,959,916,883,853,751,904,884,876,859,913,852,848,859,864,966,865,878,861,885,904,869,830
878,931,845,877,635,905,892,862,937,949,866,904,795,888,875,951,917,885,856,753,935,876,876,855,913,838,841,869,871,956,854,874,880,907,918,873,821
868,930,847,870,622,923,883,863,931,954,843,894,806,899,884,953,909,887,866,762,926,888,861,858,921,841,850,867,876,947,863,883,859,902,899,868,825
873,928,850,873,628,916,895,860,933,934,860,901,804,906,887,949,909,878,868,763,934,875,875,854,906,853,843,865,860,968,849,873,853,886,908,873,805
864,921,852,888,627,901,888,871,930,943,849,888,795,896,875,956,913,880,857,755,943,883,861,855,906,846,864,860,865,966,854,870,854,889,911,881,828
864,937,841,875,625,912,875,865,943,935,852,900,794,915,880,963,906,881,878,764,930,878,855,845,913,846,847,860,872,945,864,884,865,887,887,880,834
880,928,848,873,618,915,882,861,933,944,851,898,797,898,888,973,908,878,871,759,932,870,897,852,913,838,842,874,866,944,862,887,867,896,908,880,829
872,924,856,881,625,909,901,867,926,937,858,896,805,903,879,963,905,872,856,747,924,871,869,847,917,852,847,863,876,957,857,878,862,908,904,877,816
868,926,855,883,625,909,886,850,945,944,862,909,818,912,882,947,916,880,880,757,936,885,862,855,911,850,831,867,865,962,856,894,868,889,902,871,828
875,925,850,869,628,907,869,850,938,922,852,905,801,906,885,949,900,877,856,752,928,870,854,861,906,846,857,857,867,958,848,884,854,897,893,862,820
864,909,833,881,621,902,871,838,946,932,826,899,784,890,883,948,914,862,874,758,931,887,851,837,885,827,823,855,864,942,846,872,858,893,918,857,814
846,924,846,867,611,911,887,837,929,933,843,885,778,889,878,932,880,862,869,765,916,846,865,845,886,821,820,860,850,953,834,881,838,883,886,843,810
849,899,815,882,615,893,874,852,935,909,844,885,779,890,866,952,921,866,855,743,926,869,843,844,892,831,841,850,855,943,839,866,852,886,900,854,815
863,936,843,888,616,906,891,858,941,912,846,906,804,889,884,960,925,866,873,745,914,876,858,863,913,846,845,862,868,957,851,874,873,893,902,858,819
874,928,847,896,619,916,885,864,941,929,852,910,798,905,878,953,921,878,868,752,935,888,876,867,912,862,842,873,867,968,857,892,866,914,898,877,830
882,914,836,887,626,874,884,871,933,936,858,895,801,905,880,957,929,883,857,768,926,875,864,855,914,853,829,870,870,960,848,880,875,895,905,870,810
872,924,857,871,621,904,888,851,932,949,848,889,809,915,889,951,936,883,866,764,935,874,858,847,911,846,836,880,862,965,851,884,875,890,898,869,810
878,921,848,881,618,891,868,859,934,946,851,901,808,896,873,973,930,885,867,757,950,871,867,845,913,834,791,870,869,960,856,883,868,898,892,858,820
866,919,853,878,620,910,883,853,931,926,852,911,808,890,880,964,923,883,876,754,940,872,871,846,903,851,857,858,869,948,841,868,876,899,908,876,815
865,914,852,885,622,902,873,863,941,921,848,895,796,901,894,967,940,886,882,753,938,882,874,847,902,838,825,864,868,950,847,876,854,899,887,879,820
866,920,838,877,625,904,876,861,937,934,847,903,809,897,887,965,932,878,877,756,927,881,874,857,906,853,836,859,862,952,853,881,862,892,902,867,833
867,913,855,866,614,907,878,859,938,919,847,906,785,887,871,951,907,869,856,756,915,853,854,839,886,848,822,880,858,937,838,874,852,880,915,867,818
856,908,831,872,603,895,883,845,929,931,833,898,787,895,869,953,916,856,870,760,930,851,841,841,907,838,837,858,841,933,845,864,851,886,886,843,809
857,921,825,841,611,901,877,852,933,918,840,895,777,882,887,929,903,868,856,760,915,852,844,856,893,823,814,840,838,944,840,869,864,894,887,843,826
846,916,828,885,614,898,894,859,929,923,846,891,786,880,865,943,925,866,874,746,902,861,866,851,900,853,839,855,860,939,844,856,863,880,886,847,825
861,932,832,887,623,903,886,861,941,932,865,902,793,908,883,950,936,881,874,761,906,874,880,854,916,851,839,851,857,957,863,875,877,890,892,868,835
869,932,830,896,627,905,893,860,950,946,842,908,825,895,889,959,927,880,871,752,910,883,856,845,914,847,835,870,882,948,854,887,864,896,905,881,827
881,912,847,884,619,906,898,861,934,939,862,904,803,906,890,953,912,875,869,753,941,881,869,852,909,845,835,849,870,958,850,867,864,890,920,875,810
870,923,841,891,622,900,879,868,947,928,866,897,809,911,878,957,901,881,860,740,931,879,864,856,907,848,834,856,871,956,859,882,875,891,900,869,825
875,928,852,888,619,897,878,869,935,929,849,909,818,916,892,948,904,882,873,769,910,869,872,849,911,860,844,859,877,955,849,878,848,884,891,867,823
867,927,840,901,617,907,881,877,937,936,847,890,809,894,890,970,903,880,861,751,909,839,868,847,904,850,845,868,858,977,863,868,871,888,902,868,814
874,920,840,883,615,914,883,851,956,929,859,901,819,910,884,962,919,884,870,751,917,872,858,864,898,848,840,869,870,957,851,875,853,888,907,867,808
880,927,837,882,628,895,885,854,934,933,851,896,806,894,878,946,929,877,881,761,925,865,853,845,909,849,827,868,859,956,845,878,844,884,895,870,823
869,926,842,881,616,910,884,857,936,934,847,910,824,895,879,942,933,873,862,755,951,874,882,854,906,847,833,858,885,959,855,877,853,901,906,864,826
861,921,829,884,627,904,878,850,925,926,845,893,792,905,879,960,904,858,864,762,935,864,848,857,905,847,827,858,851,938,839,869,850,884,906,856,812
858,921,826,875,606,904,871,857,943,914,831,892,792,905,873,949,919,864,870,762,928,857,845,849,877,833,810,851,849,946,833,869,849,876,899,853,816
848,904,827,889,603,887,876,860,941,910,839,892,783,897,874,956,899,867,853,754,920,867,840,849,894,841,806,848,858,938,845,871,849,891,895,850,814
848,911,810,883,599,893,882,855,952,898,845,898,792,891,870,942,897,872,868,751,909,866,852,841,905,837,822,852,850,945,841,879,844,889,900,859,823
871,932,836,878,613,892,893,866,939,920,866,908,804,901,893,950,908,878,862,762,921,872,872,853,900,850,853,864,875,962,850,869,860,886,895,865,822
883,915,850,882,613,907,890,858,941,925,848,906,804,907,883,954,906,881,882,756,938,877,878,849,914,854,823,872,879,966,846,875,871,899,902,871,828
884,924,843,895,631,915,873,860,948,945,844,899,766,916,885,963,906,887,865,749,941,871,869,857,913,848,828,860,892,965,842,882,869,893,897,888,818
864,918,845,892,626,905,874,858,956,917,861,899,802,900,872,961,925,880,861,766,949,843,864,857,914,836,847,858,876,945,850,874,856,877,902,865,827
885,922,840,894,621,899,875,859,953,919,863,905,790,919,881,958,925,874,879,759,933,864,865,864,891,855,840,860,856,964,850,891,852,887,901,861,826
880,914,849,875,615,902,894,851,950,917,863,906,806,914,893,951,924,881,864,762,927,884,868,848,906,852,840,865,863,951,840,882,869,899,915,871,826
883,917,842,868,619,894,885,855,953,933,852,916,791,906,878,943,928,878,878,758,923,875,863,857,905,837,829,867,880,965,839,878,869,878,907,879,830
874,917,855,880,622,897,871,850,953,897,848,906,815,881,880,957,905,872,876,753,940,870,847,843,907,840,836,860,863,954,846,876,862,878,887,865,815
864,904,838,874,619,886,874,844,944,905,835,906,791,871,880,957,915,869,871,748,920,859,858,843,888,828,819,859,844,942,851,873,866,884,900,850,808
850,909,819,878,603,891,868,853,931,921,853,888,802,873,868,948,906,871,880,758,909,864,852,839,887,830,818,859,851,955,833,868,860,875,882,851,807
853,901,826,873,608,898,888,852,974,892,827,902,802,891,870,938,902,870,861,748,919,848,830,840,878,826,822,832,857,953,818,864,855,884,896,847,815
872,920,832,878,615,899,890,868,958,933,858,902,806,897,878,960,906,879,875,746,934,860,880,861,902,851,828,868,853,956,861,879,865,891,909,871,819
873,909,845,899,621,876,893,885,957,941,860,902,812,895,878,953,927,888,888,756,955,889,892,847,905,859,838,858,873,952,847,873,869,888,903,866,820
869,914,836,879,629,904,893,864,937,941,854,899,808,902,888,965,924,878,875,738,933,878,863,853,911,848,834,857,855,960,858,880,871,905,909,867,818
872,930,848,895,636,902,889,860,949,922,861,903,831,915,880,958,917,869,877,752,926,865,871,856,903,843,832,858,856,958,849,882,878,890,908,872,818
881,921,853,884,620,895,892,855,946,945,859,900,805,901,878,956,906,888,881,757,917,884,872,853,903,846,832,865,853,973,851,881,873,889,895,858,817
877,924,842,889,627,902,872,855,954,928,853,883,810,910,887,951,918,887,881,760,933,874,866,853,895,841,834,864,865,969,839,878,857,898,902,858,826
870,911,840,882,618,896,888,863,943,915,855,903,806,916,892,957,914,884,866,763,940,864,876,840,913,840,832,856,863,955,852,881,855,880,912,853,834
863,899,830,869,624,906,885,844,917,889,834,897,790,906,881,936,888,859,871,749,921,854,858,843,905,836,823,851,849,938,830,861,852,862,900,845,804
860,911,823,875,615,900,879,844,927,923,830,896,789,890,868,948,906,864,863,750,933,868,858,841,895,829,830,825,859,942,841,870,848,868,889,850,817
858,897,811,882,609,889,881,850,935,913,836,887,788,901,875,935,913,868,858,750,892,865,860,825,890,813,809,860,844,944,828,869,845,883,891,848,811
873,914,836,888,607,910,886,855,938,926,834,895,798,914,872,938,926,869,876,748,913,882,879,853,904,834,831,846,856,956,852,871,868,892,896,855,835
872,934,843,886,621,897,897,865,953,935,857,918,812,917,879,943,900,893,884,750,941,872,879,864,913,848,832,862,872,973,859,886,857,891,900,869,834
877,921,846,874,620,904,882,863,948,933,855,913,821,923,889,969,924,882,883,753,931,840,853,850,905,833,840,863,872,958,847,878,868,909,906,873,818
877,925,845,876,618,904,884,865,963,946,856,903,797,905,886,958,923,868,872,755,948,865,864,855,915,857,843,866,876,965,859,896,867,900,904,862,805
890,924,837,878,615,898,890,857,935,939,857,914,803,911,884,962,903,883,874,750,915,872,872,860,906,848,837,858,856,959,849,880,879,893,915,852,822
867,920,846,883,614,899,880,868,939,944,856,909,805,923,874,946,911,883,880,747,936,879,873,858,907,842,845,851,872,963,853,880,871,888,901,853,814
874,922,836,882,620,892,883,852,954,934,859,905,799,912,883,935,926,877,867,766,936,876,816,841,905,846,839,866,866,961,859,886,868,896,909,860,813
884,922,854,887,619,896,874,861,953,938,864,902,811,907,887,959,902,880,871,753,932,869,865,839,902,847,829,875,871,959,857,890,871,900,916,860,829
882,919,843,882,632,905,882,862,966,937,850,897,800,907,899,967,912,875,898,752,935,879,860,863,919,850,840,865,874,961,860,882,877,897,909,874,827
879,913,839,875,627,912,879,849,960,954,861,903,802,906,880,966,944,876,883,755,932,872,870,842,898,852,842,863,869,953,846,876,883,890,907,866,828
866,913,826,876,613,899,875,858,956,929,851,894,800,901,877,975,899,883,880,754,933,862,865,849,909,844,827,852,868,943,835,891,867,893,892,871,820
845,905,815,869,596,890,873,842,957,920,835,901,791,899,873,943,914,873,859,750,921,857,859,848,895,840,817,844,851,940,840,866,845,895,906,839,802
842,908,823,880,605,889,880,854,948,906,836,910,803,892,874,949,911,857,860,750,912,860,843,847,888,841,813,845,853,935,828,873,860,879,900,835,801
841,908,814,878,602,888,880,849,949,914,831,880,779,883,879,957,905,859,873,749,920,860,861,842,891,834,826,845,850,945,840,878,863,879,886,841,803
874,919,841,888,616,897,871,859,956,921,858,911,817,901,888,961,914,884,889,745,934,878,878,858,915,848,796,863,855,961,846,876,872,899,911,868,828
877,915,847,894,630,899,888,877,962,947,868,919,812,904,878,962,938,867,879,749,932,876,867,858,915,864,836,859,850,967,860,877,877,895,911,867,825
876,919,839,882,617,916,878,870,961,939,863,911,774,912,885,954,917,865,870,761,921,861,850,868,897,843,837,854,855,950,836,879,875,876,901,861,815
874,914,833,878,625,908,871,866,960,940,849,898,806,896,880,973,914,870,879,756,925,865,850,846,913,855,831,857,871,955,851,876,862,900,920,861,825
874,915,826,880,624,901,875,878,965,938,859,914,789,902,882,962,908,882,877,753,925,885,853,842,909,850,833,870,862,959,847,880,874,902,898,862,832
872,931,845,885,637,913,886,868,939,934,849,899,788,905,884,973,898,879,880,756,933,871,860,850,899,842,837,866,861,973,859,876,878,889,896,866,825
862,915,834,883,626,902,881,867,954,930,863,916,783,893,884,973,892,866,879,747,936,874,856,851,900,854,842,848,874,953,864,895,870,894,892,870,807
881,918,835,893,623,908,891,884,950,933,852,916,794,903,878,965,896,880,859,755,931,860,868,838,919,844,824,864,874,957,839,879,864,894,894,862,823
860,919,842,892,631,910,887,874,945,936,855,917,798,905,878,970,893,873,880,763,928,867,859,861,908,860,825,861,876,957,843,880,874,885,913,866,823
873,923,826,881,613,899,875,870,961,931,847,900,816,905,879,965,912,881,880,758,929,863,866,859,904,849,836,859,872,966,841,881,877,894,907,867,827
875,914,825,881,627,895,884,867,957,920,841,905,786,895,884,967,895,874,874,769,931,853,857,851,911,856,831,865,874,952,850,883,862,884,909,862,806
868,908,833,881,621,887,859,850,961,912,831,899,780,905,872,964,891,866,860,757,921,856,839,835,901,832,815,852,850,948,829,876,853,887,902,836,803
861,908,820,870,609,890,861,846,952,911,848,897,777,904,896,957,878,869,875,759,918,846,840,841,889,832,816,844,866,950,840,859,856,872,892,829,810
854,902,820,868,624,889,870,856,939,930,829,903,809,898,881,957,883,864,877,743,921,855,852,844,900,821,819,835,859,952,832,865,864,883,907,843,819
864,911,839,882,620,892,863,870,943,941,847,912,813,904,886,979,905,872,879,770,930,864,873,859,921,858,846,838,848,961,857,889,878,887,913,865,815
871,920,827,890,620,911,883,877,967,943,875,912,826,896,887,962,906,880,882,764,939,875,864,857,910,863,845,869,872,963,854,884,880,895,913,864,826
868,909,845,885,622,910,863,871,946,938,853,915,823,916,893,959,901,881,885,768,938,887,854,851,915,857,827,861,885,958,850,882,877,895,911,870,813
873,917,834,881,614,908,887,871,953,933,853,915,802,889,883,963,893,859,866,752,930,874,873,856,903,858,841,856,859,962,840,877,865,891,911,874,812
875,933,842,886,613,907,879,865,957,944,861,916,811,863,891,952,891,866,881,767,924,864,863,860,903,858,818,873,874,960,853,876,876,908,913,871,817
877,914,827,896,618,915,899,876,958,930,858,926,812,884,885,963,904,868,901,770,919,857,867,840,902,856,833,854,871,963,838,883,868,892,911,864,825
876,922,835,895,623,909,892,865,963,930,859,920,799,882,882,969,900,877,871,746,913,867,864,855,910,849,839,860,847,956,853,886,861,888,920,863,821
873,905,818,878,619,905,880,860,952,945,851,908,802,879,875,969,898,878,892,743,924,861,851,843,900,848,827,864,871,950,839,883,871,882,905,860,814
846,906,818,879,609,884,872,848,960,920,834,900,800,894,879,954,890,870,872,757,938,858,837,843,892,817,829,831,854,932,827,876,850,874,897,844,794
852,920,817,878,602,894,871,854,916,902,834,905,789,896,878,955,893,876,868,748,926,858,848,838,901,837,830,842,847,949,821,878,856,879,892,835,805
856,907,812,880,608,896,879,860,951,938,834,891,801,898,876,949,886,854,880,751,916,867,835,840,884,838,828,841,868,934,832,875,855,879,900,847,813
864,925,836,878,626,904,887,859,947,948,863,915,800,911,875,954,925,869,874,763,929,876,868,856,907,856,847,866,866,955,847,879,864,897,912,860,826
884,916,841,880,610,898,887,863,955,935,853,934,811,906,890,967,914,873,892,754,935,873,865,860,923,843,845,860,862,961,864,893,882,887,906,871,827
879,920,839,876,619,900,883,850,962,937,864,916,809,914,892,961,893,887,875,760,940,889,864,843,915,845,835,868,860,962,858,889,871,885,917,861,822
887,924,838,895,617,903,893,848,952,933,857,914,803,917,895,971,911,883,874,756,927,885,873,863,924,856,840,853,868,957,853,886,870,895,907,859,818
878,907,840,886,626,894,873,851,950,931,857,904,824,910,896,971,894,881,883,768,937,877,852,846,901,850,831,865,859,955,850,886,859,879,912,870,813
860,898,818,874,610,893,874,837,943,919,833,896,790,892,877,899,880,874,879,746,927,858,847,857,893,839,810,849,841,950,836,873,868,880,897,838,801
867,899,819,874,603,901,870,839,949,917,838,909,783,894,874,919,874,859,876,745,921,847,836,844,887,836,807,834,846,940,833,869,849,875,887,836,809
848,904,817,866,612,884,867,846,950,911,839,887,788,890,870,934,889,854,875,753,924,854,839,836,912,824,809,844,854,944,831,877,868,875,905,832,801
861,918,832,886,620,905,887,857,948,930,864,928,800,905,892,942,920,881,877,755,927,876,862,849,921,838,832,848,882,957,845,886,881,894,911,852,809
880,919,828,885,625,912,886,866,939,941,870,932,818,911,891,938,892,883,886,760,926,879,862,848,916,861,842,855,855,966,858,886,882,894,918,857,817
875,919,836,884,615,906,891,855,944,949,858,906,797,897,881,950,900,881,875,761,934,870,855,853,895,848,844,872,853,963,856,893,871,890,915,860,811
870,926,839,882,626,901,893,854,942,941,841,930,820,913,891,967,887,874,886,765,928,877,891,861,912,846,831,861,847,967,850,885,862,888,908,884,814
879,922,832,884,618,897,870,844,973,941,844,922,827,900,878,966,916,885,881,755,940,873,872,856,902,843,835,856,861,952,856,879,864,890,902,858,822
863,908,815,867,610,891,876,832,968,914,831,896,794,889,864,959,898,865,869,755,936,865,874,853,891,839,830,849,850,940,839,883,862,866,898,846,813
861,900,793,891,613,890,874,842,960,920,820,898,797,899,881,953,898,862,877,755,936,860,850,830,885,830,825,839,844,934,841,875,843,880,895,838,804
857,914,809,870,610,895,866,848,969,933,835,893,794,905,872,946,899,866,861,754,907,876,852,836,892,833,816,837,847,951,839,876,840,872,895,844,813
864,912,833,884,604,906,879,854,943,938,851,902,804,913,884,953,901,876,873,760,923,883,868,859,894,844,833,856,853,955,847,876,860,897,911,863,825
886,920,837,888,623,900,891,868,950,941,861,921,803,893,888,956,910,876,887,765,928,873,870,853,921,857,842,868,888,962,851,902,862,897,907,863,812
889,917,826,891,620,903,872,851,930,950,860,926,812,904,892,949,901,877,885,766,928,886,854,865,916,858,826,857,860,958,842,879,856,883,900,861,825
877,919,836,887,624,917,876,861,921,935,848,918,783,905,874,974,903,879,891,761,927,880,846,856,921,862,829,865,874,957,851,883,862,887,901,863,813
881,907,830,901,629,916,877,860,934,928,856,912,780,903,889,961,892,877,888,766,932,890,856,856,913,842,842,858,870,959,854,888,856,888,918,882,813
882,924,836,883,625,910,886,856,941,948,856,908,830,909,886,951,908,880,887,767,951,881,853,845,920,842,840,858,860,949,855,893,868,894,903,873,821
876,912,829,883,617,901,868,845,939,951,851,903,769,899,889,964,898,875,896,759,921,881,850,852,918,819,836,865,864,974,868,893,861,894,906,859,826
879,931,833,896,630,907,877,857,950,946,859,904,791,906,891,958,917,878,877,759,911,864,870,839,908,862,849,873,872,967,851,885,856,880,914,868,819
867,914,842,888,620,909,867,861,950,939,865,900,813,903,886,968,909,879,878,763,913,883,851,858,902,847,847,863,873,956,847,893,846,888,918,871,823
854,890,829,891,617,889,880,856,942,918,830,901,797,899,872,951,903,857,873,752,910,869,844,850,890,833,839,865,854,932,834,884,844,877,897,844,809
862,900,826,883,596,887,852,845,949,934,835,894,787,896,873,950,911,870,862,761,888,861,843,837,901,834,822,837,851,937,833,873,851,872,893,842,805
845,900,813,879,612,886,862,849,946,927,837,898,808,889,878,940,898,864,861,743,906,852,838,841,891,822,815,852,848,938,842,875,865,875,889,847,806
858,925,834,881,615,890,879,870,948,937,844,895,798,898,878,944,899,869,887,754,927,880,860,850,902,848,829,851,861,954,840,874,850,895,896,839,818
871,923,841,891,616,907,871,857,940,944,876,907,802,914,883,973,907,886,887,776,935,877,866,874,911,855,844,867,858,961,860,884,848,901,908,866,825
885,922,842,895,622,907,882,857,953,927,849,912,774,894,883,970,905,892,899,757,930,881,855,858,914,847,841,857,864,955,845,886,865,896,906,870,827
878,924,842,890,624,910,884,856,946,934,835,916,799,891,884,962,917,885,873,760,947,861,852,845,918,847,827,865,862,964,857,887,860,900,897,873,823
871,914,826,897,624,918,880,867,956,955,847,912,801,896,888,958,919,879,884,755,928,869,860,852,907,846,827,863,867,967,845,887,852,891,912,861,819
872,916,836,893,619,916,887,850,941,950,854,913,780,899,885,959,904,877,892,755,933,884,850,855,915,856,817,865,862,966,855,898,861,890,904,873,809
868,925,845,898,619,912,872,862,953,957,847,904,801,893,879,963,896,890,865,759,938,879,868,845,917,840,814,852,865,948,850,891,844,905,906,864,804
874,915,841,898,621,918,884,853,964,944,856,911,801,891,885,952,915,880,872,763,942,881,855,855,902,834,846,865,865,955,857,894,872,883,899,865,816
872,907,832,887,618,916,857,869,938,913,848,923,804,887,888,948,903,881,875,764,936,859,868,856,901,849,844,861,875,954,847,892,848,881,922,867,818
873,903,803,884,621,904,876,848,937,936,828,892,796,894,879,957,899,870,877,759,915,856,843,837,906,829,832,849,841,934,837,882,846,876,894,843,806
847,900,803,869,603,892,871,843,974,923,843,901,812,887,879,945,899,867,882,743,912,856,835,829,884,818,829,855,849,941,828,877,840,875,897,828,802
851,909,804,868,611,901,869,839,961,912,831,892,816,882,884,947,906,859,869,753,910,853,843,842,890,829,825,840,854,932,829,877,842,876,899,846,802
859,913,820,877,612,900,879,850,969,917,845,902,800,896,881,951,903,877,880,760,917,868,855,838,905,848,831,853,871,955,847,891,850,887,906,848,812
874,917,836,901,616,921,892,860,962,941,861,907,802,896,888,962,913,886,888,748,927,883,867,861,919,848,845,868,861,970,853,907,864,885,907,862,833
861,928,840,891,625,900,884,865,967,936,848,918,779,917,902,947,910,890,888,756,923,885,872,844,905,859,843,870,871,962,855,898,843,887,908,859,825
877,926,839,890,629,903,876,861,956,936,844,920,810,902,887,962,890,877,870,763,917,886,866,862,924,846,822,879,875,961,851,900,852,877,910,874,824
884,925,837,889,623,901,878,856,965,926,865,913,813,893,899,964,907,885,882,768,929,870,858,851,922,846,831,861,861,955,850,894,866,880,900,872,813
871,933,830,897,623,907,863,852,961,945,846,920,815,902,875,962,906,879,881,751,937,873,857,855,907,848,841,871,874,945,859,901,860,888,908,873,816
875,917,831,885,620,913,883,847,960,952,855,916,807,910,898,964,906,886,878,769,927,865,863,853,909,852,842,851,881,959,873,905,870,896,905,861,815
877,925,827,900,613,912,888,866,970,944,842,898,811,901,890,949,892,871,882,764,932,866,852,857,909,845,845,855,885,961,853,891,862,901,915,859,824
869,912,842,899,622,913,888,878,966,939,852,915,810,894,888,958,887,876,879,762,940,865,855,848,918,849,834,869,871,946,862,894,859,873,915,870,816
867,918,837,900,616,909,882,858,946,945,851,912,826,911,890,955,892,881,885,764,950,886,874,872,911,841,832,849,867,957,849,899,868,884,908,863,826
877,924,829,894,602,907,873,854,965,934,837,900,823,897,885,964,927,875,884,756,918,847,870,849,906,848,837,875,865,961,848,893,858,895,905,870,824
876,931,829,886,610,906,873,871,952,946,846,900,814,906,884,969,906,872,884,761,930,861,866,846,898,846,853,860,878,961,843,897,860,876,906,869,817
871,912,823,895,636,902,864,871,957,952,842,915,810,896,880,952,877,879,890,759,923,870,848,858,903,841,815,852,868,944,847,884,852,887,904,871,816
878,917,826,905,621,918,881,864,956,958,854,907,814,905,884,959,889,884,878,763,924,870,855,849,916,856,835,852,874,952,847,878,866,893,905,863,817
873,898,833,882,614,901,880,848,947,943,849,890,821,883,884,946,888,873,884,759,934,868,856,840,905,840,836,853,872,963,837,878,868,898,891,851,809
848,903,804,881,606,914,868,852,959,936,822,906,795,862,875,944,900,867,877,757,915,842,838,851,900,842,827,846,854,935,836,875,850,885,892,829,809
856,922,817,886,606,903,878,850,936,926,812,890,798,876,870,940,885,870,865,748,920,858,843,837,899,834,832,835,843,946,833,879,859,876,899,837,815
864,906,814,884,607,892,876,847,949,931,830,889,806,889,878,947,898,871,879,744,908,877,843,846,894,835,825,848,843,955,833,870,860,885,906,839,801
863,945,815,899,620,905,875,872,975,968,860,928,810,898,890,961,917,875,877,770,929,889,885,859,922,850,844,860,841,953,846,891,869,896,908,870,814
874,942,821,908,630,893,882,871,947,960,853,904,817,910,890,965,942,885,881,774,926,889,850,852,914,846,849,850,849,957,853,887,873,891,899,875,810
880,932,829,896,632,911,878,869,962,944,846,911,808,909,885,964,917,877,880,767,919,854,851,854,928,850,850,861,838,969,851,895,870,893,912,860,819
890,920,835,893,627,909,875,868,966,953,843,909,810,899,883,959,921,876,886,758,940,869,857,849,912,842,843,854,854,974,851,893,862,884,905,868,821
866,907,830,894,624,904,878,858,952,946,854,925,825,924,868,974,917,886,885,768,939,877,855,855,913,856,832,857,863,952,852,894,869,887,900,857,819
887,928,844,895,624,901,879,866,968,954,855,907,807,910,880,958,921,877,870,762,928,860,853,841,910,853,855,866,873,953,846,898,864,888,912,875,814
880,930,836,896,624,915,884,880,973,954,852,919,807,911,874,953,924,878,885,758,945,874,867,852,927,853,863,863,858,964,837,898,863,899,891,871,824
887,935,827,897,634,915,880,880,960,953,857,913,809,923,894,955,919,886,873,764,927,871,874,846,920,843,841,863,867,959,850,891,884,886,907,866,825
879,926,820,897,629,917,889,882,954,941,841,915,809,899,882,966,920,876,894,761,935,871,875,842,908,843,840,861,870,972,854,895,876,896,904,867,816
869,915,829,885,620,906,877,859,971,963,850,916,814,906,887,964,928,870,878,755,918,872,860,858,906,846,839,861,860,959,843,885,871,884,916,872,811
867,925,835,897,625,913,889,868,964,945,844,913,816,893,892,955,882,882,883,761,926,877,873,844,922,849,850,854,871,967,846,898,878,901,908,874,818
879,918,841,891,625,908,873,874,975,933,835,908,809,897,888,969,892,870,886,775,914,877,860,855,922,845,847,862,877,953,856,892,876,899,908,866,807
865,914,824,887,624,871,871,868,989,933,820,901,806,899,876,864,920,861,874,747,904,856,842,835,895,836,836,846,857,933,842,887,851,877,899,838,800
848,910,810,897,620,898,859,861,978,921,831,911,803,896,875,925,914,860,883,760,915,857,840,841,896,825,825,837,852,938,829,898,852,885,888,840,802
855,893,802,880,605,890,871,872,959,940,819,900,787,910,884,956,907,862,875,749,914,854,828,827,902,840,825,837,847,947,827,879,852,877,897,850,802
864,912,819,881,613,888,863,874,951,957,845,905,813,910,878,946,895,882,895,771,923,865,852,850,907,848,837,853,851,949,843,893,859,886,902,857,795
869,918,834,889,619,903,877,876,940,943,864,918,821,899,885,945,922,881,901,773,939,883,857,848,908,855,827,872,869,964,847,893,860,888,902,848,813
877,936,824,899,629,902,867,871,947,947,862,922,814,904,895,949,932,891,895,764,935,882,868,857,927,855,793,868,870,965,845,888,861,889,894,867,803
879,923,830,893,629,914,888,865,953,943,849,924,815,923,889,973,931,873,887,765,947,857,865,857,916,861,858,857,865,958,849,898,863,886,906,862,812
870,922,826,886,621,916,885,867,958,938,858,915,784,903,883,964,921,883,895,768,926,864,864,850,912,854,810,859,867,962,850,898,875,887,913,872,819
861,937,834,887,622,912,872,872,959,945,851,928,820,900,873,965,924,888,879,757,934,874,857,857,911,852,825,847,862,965,840,896,874,891,906,862,820
868,937,840,886,611,904,871,871,946,946,849,914,827,910,891,969,917,881,887,756,931,881,870,842,911,850,817,865,858,954,841,899,853,894,903,865,810
859,933,813,897,617,908,882,863,962,949,854,924,802,921,893,979,899,882,895,776,928,880,865,856,908,856,816,860,872,972,845,910,859,888,911,864,813
875,919,852,893,607,901,878,867,967,962,853,919,816,918,877,975,911,877,894,768,931,864,870,846,916,855,814,868,866,961,845,903,862,890,900,863,816
870,929,828,894,610,916,871,866,967,960,860,920,808,910,878,975,905,879,888,763,913,859,865,849,922,851,805,856,868,961,835,894,860,886,909,872,816
872,924,825,900,617,915,878,862,960,950,862,917,822,908,892,983,919,875,891,766,926,866,860,858,924,850,824,862,865,959,858,902,868,885,895,871,811
865,929,825,889,630,905,875,855,963,952,837,910,817,905,884,974,907,878,877,770,926,863,867,845,910,837,857,864,858,957,848,900,870,886,905,856,812
867,905,806,887,610,896,878,851,972,926,836,908,815,891,876,958,910,850,871,761,915,867,842,849,898,845,834,845,847,942,834,892,842,875,897,834,798
861,900,810,886,610,894,881,855,957,930,835,906,800,897,883,951,907,858,890,766,912,856,837,848,900,834,826,830,860,929,824,882,865,882,896,835,807
846,915,801,884,605,887,882,850,952,935,831,896,805,895,872,962,894,869,868,770,922,844,823,843,893,835,820,827,850,938,840,889,859,863,897,827,813
867,914,813,891,627,912,898,878,953,945,838,932,812,916,889,971,907,885,881,768,931,871,859,846,919,846,853,869,853,955,840,884,871,890,913,855,821
873,930,828,891,629,906,884,876,968,958,851,943,819,899,897,959,918,873,890,759,933,872,866,856,921,853,845,865,874,961,868,914,893,892,902,848,820
884,922,827,889,627,922,885,861,950,943,834,916,811,904,887,977,913,883,882,758,929,864,847,858,926,846,835,868,862,961,852,896,888,879,912,868,817
872,926,831,894,631,919,884,869,934,942,843,928,807,899,889,982,929,886,895,761,936,861,848,844,933,849,839,857,870,960,855,891,882,892,907,867,807
867,922,825,892,632,905,891,875,951,952,843,927,816,894,892,988,910,887,887,775,915,886,855,848,914,850,835,853,854,947,850,893,883,891,896,862,816
863,921,827,892,624,901,877,865,939,942,851,914,799,918,896,981,899,874,907,774,933,875,849,847,916,832,841,857,864,949,844,894,872,890,915,858,812
877,938,817,908,631,920,879,867,959,959,844,925,802,899,876,980,919,892,893,783,925,876,864,870,914,841,833,856,860,956,858,889,876,888,918,864,815
864,921,820,895,623,908,876,865,950,958,840,916,814,900,895,995,923,879,888,757,921,885,861,834,928,842,833,861,864,959,850,899,869,891,914,870,807
874,928,814,882,605,918,894,874,955,952,849,921,815,895,899,974,914,873,886,771,919,879,871,855,920,846,823,846,869,959,847,895,875,884,908,868,823
879,923,829,891,613,902,890,868,947,938,834,915,825,904,876,972,902,880,883,778,910,872,871,865,913,856,833,873,851,960,837,905,867,894,903,859,817
857,918,824,879,606,902,881,860,933,919,826,891,810,896,876,976,916,860,880,748,900,868,861,844,906,846,818,855,850,923,840,889,856,884,890,828,807
840,909,813,886,606,892,882,862,957,927,833,895,794,906,872,953,899,861,873,749,905,857,838,832,897,835,818,840,845,945,829,887,863,874,892,826,800
857,908,801,883,614,894,882,854,952,930,834,916,809,887,876,940,878,862,870,754,917,846,849,846,891,830,813,835,849,943,829,898,854,891,892,834,801
853,923,829,895,620,917,891,877,924,958,851,925,814,904,879,971,909,872,882,762,935,865,865,853,918,868,820,844,871,952,848,904,865,891,898,856,812
876,930,830,884,625,907,889,876,929,945,847,916,825,913,885,983,924,881,886,758,934,874,869,864,914,856,833,861,884,950,851,900,894,892,920,874,807
867,929,837,906,624,896,880,868,957,962,855,939,813,878,886,970,913,867,879,760,917,887,853,855,913,848,831,878,872,968,856,902,856,881,913,865,830
867,921,831,892,615,902,885,873,955,955,843,923,826,897,891,970,925,870,894,758,927,881,878,846,928,860,762,857,875,955,844,908,853,881,906,876,819
875,911,839,892,628,908,892,883,959,948,853,910,818,919,876,975,915,877,891,774,929,870,864,851,915,850,829,852,870,955,840,898,868,880,901,845,837
875,930,840,897,622,901,883,870,964,943,854,913,820,908,891,976,922,884,892,768,937,867,856,852,904,855,811,869,864,958,841,905,870,880,910,872,816
870,916,820,892,613,906,884,897,957,945,854,934,821,893,884,977,916,881,890,756,922,868,852,854,910,867,843,861,868,958,852,893,853,889,912,859,826
867,931,822,903,616,889,881,878,953,948,842,902,818,890,884,977,918,874,888,781,928,864,856,842,913,847,804,854,847,944,842,901,855,878,908,865,803
856,908,825,885,609,900,881,882,947,925,830,911,785,889,871,963,915,864,884,767,920,862,857,834,903,850,797,838,842,929,826,884,842,883,913,837,807
842,901,807,875,601,891,856,858,933,922,823,922,798,892,870,951,905,863,888,760,914,860,851,838,902,840,798,835,852,939,829,891,800,873,897,832,808
845,906,804,889,609,893,889,868,959,934,820,905,801,874,866,958,888,869,890,753,904,860,864,835,905,840,802,843,847,935,833,880,831,869,888,824,804
865,921,834,899,612,901,881,889,952,941,838,919,807,880,893,975,890,889,887,766,924,892,862,854,922,864,823,858,847,955,846,894,825,887,909,861,823
860,936,827,878,622,904,884,886,953,950,854,923,823,897,899,969,896,873,902,763,934,873,881,839,909,857,824,858,860,959,846,902,843,890,909,867,822
880,911,825,891,619,902,884,879,913,949,855,907,822,899,890,973,899,889,886,755,930,871,887,863,910,864,844,866,868,958,843,897,831,892,908,863,829
876,926,842,904,621,896,880,888,947,940,852,918,824,900,895,968,916,877,891,746,933,882,877,847,932,864,835,860,871,955,852,902,848,892,914,869,810
876,918,846,885,624,901,880,887,973,951,845,914,833,913,890,987,913,882,879,765,926,881,887,856,915,858,840,860,857,957,859,900,867,871,899,858,824
873,922,836,899,623,908,880,864,968,941,849,909,811,914,888,974,907,881,890,778,919,875,881,858,914,868,833,855,857,966,857,905,857,885,906,861,826
875,930,833,886,627,904,883,880,964,945,848,931,817,917,883,966,907,877,883,768,943,861,866,852,917,863,835,838,859,962,852,900,857,901,923,853,819
876,914,835,896,631,925,887,873,951,945,850,923,815,907,891,973,925,878,900,776,932,884,852,847,922,862,840,855,874,946,840,902,849,902,904,865,827
873,923,830,894,622,906,886,876,960,936,858,924,811,925,881,969,915,881,890,763,928,881,824,849,920,859,843,853,857,954,838,897,851,891,908,854,824
866,920,831,889,620,908,878,874,961,943,847,915,826,908,877,971,937,888,892,769,920,866,841,845,912,860,825,853,870,962,827,890,846,889,901,862,819
859,936,819,891,621,908,892,867,977,934,859,920,805,903,901,980,923,864,878,769,926,874,858,849,905,863,843,851,870,951,853,891,862,885,914,858,819
863,914,837,891,618,902,869,875,944,942,856,919,809,898,880,968,922,880,886,778,939,877,838,848,917,864,836,855,870,957,848,906,847,895,896,870,821
875,934,838,897,640,912,889,876,963,952,859,924,817,914,885,990,887,878,881,770,937,872,855,846,919,861,835,855,875,958,852,904,861,883,913,860,818
865,919,826,891,625,911,902,870,969,946,846,923,809,905,888,974,905,864,884,781,925,885,850,844,920,855,832,864,881,955,844,897,854,888,906,855,818
875,928,844,897,620,908,883,878,963,952,852,927,793,906,882,967,906,879,894,768,947,870,858,841,932,866,830,855,854,953,845,894,844,895,911,857,823
878,920,824,892,619,912,867,881,957,950,836,918,826,913,885,957,910,873,878,766,931,869,864,842,913,854,831,847,865,950,837,899,847,882,918,861,819
855,910,803,886,604,902,865,862,925,921,822,914,803,895,876,966,915,859,876,755,920,866,859,828,901,834,813,851,871,936,829,887,861,878,887,825,827
847,910,816,883,603,901,873,870,950,934,828,916,792,913,877,940,905,860,886,764,917,868,857,844,896,863,822,837,837,947,833,874,848,865,895,847,813
852,907,819,892,610,901,875,843,933,936,835,912,806,896,885,970,898,869,877,760,914,854,861,830,904,843,817,835,852,943,828,883,840,879,909,834,810
854,939,831,888,616,907,887,878,951,950,855,931,804,909,887,969,924,878,896,771,924,889,880,851,914,865,826,853,874,963,847,902,849,888,915,860,831
880,943,834,890,638,909,885,866,949,949,854,931,802,913,882,966,923,882,895,771,919,871,876,844,934,867,825,861,873,967,864,901,863,875,906,862,823
878,917,828,907,619,917,882,863,959,946,849,936,785,889,880,1001,908,886,895,777,928,882,850,844,918,854,818,861,862,962,860,901,852,887,920,870,824
862,920,834,896,620,911,884,861,931,946,847,932,802,911,886,976,912,883,888,772,934,884,846,852,910,860,841,856,868,966,850,909,864,892,911,861,820
873,927,842,889,621,891,880,858,957,938,843,934,783,913,893,968,924,882,878,776,942,877,871,851,925,854,829,869,861,961,839,903,841,884,912,870,823
881,931,840,890,621,908,864,872,966,954,845,920,769,897,888,970,926,888,878,772,925,878,849,854,918,849,831,860,854,951,840,902,868,897,910,859,826
868,924,849,899,622,900,867,862,944,953,867,918,809,904,887,966,922,868,890,780,933,873,850,847,922,855,812,852,874,954,850,898,853,884,901,870,834
866,911,820,876,618,896,865,851,948,942,841,916,804,904,872,968,912,859,884,769,900,877,842,850,897,842,812,855,844,934,835,898,847,883,901,842,799
863,907,832,883,605,879,866,852,919,922,830,898,786,907,879,960,896,858,867,770,909,865,862,839,896,836,818,825,844,936,836,893,855,875,896,821,819
845,916,815,882,610,900,869,847,947,927,851,905,810,896,883,956,887,872,886,762,898,858,855,830,910,842,803,821,847,930,845,892,836,867,893,833,815
847,932,817,890,600,902,884,854,953,930,848,922,782,890,880,959,891,878,877,765,917,872,879,853,908,869,826,836,858,951,847,895,848,882,899,856,815
877,933,820,893,622,910,893,860,942,948,852,915,789,908,885,963,905,883,886,774,918,879,885,849,923,870,745,862,874,963,838,914,854,888,907,862,831
874,926,848,901,621,903,891,859,943,948,858,929,830,878,894,973,918,889,891,783,904,870,885,849,920,849,847,852,850,958,843,905,865,893,898,852,828
872,922,824,892,615,899,891,869,944,940,855,934,825,863,883,984,901,877,872,782,915,873,890,842,918,854,834,850,875,975,852,891,874,884,905,864,845
867,934,826,886,628,906,882,866,950,942,856,923,806,866,880,971,921,884,890,761,925,875,885,857,922,870,806,864,871,954,849,904,839,886,923,871,834
867,922,828,897,625,899,886,861,953,954,855,921,815,875,895,976,908,882,883,768,931,878,901,851,914,859,808,868,865,956,850,899,849,888,904,869,826
874,935,818,896,630,897,877,865,955,927,855,907,832,881,878,970,916,872,881,775,934,866,863,854,922,847,810,857,872,953,849,906,846,887,922,858,821
873,907,839,884,617,880,867,842,953,944,844,895,795,885,882,969,880,858,886,766,937,870,835,850,893,826,796,847,862,936,840,886,845,881,909,845,817
836,910,804,881,596,878,864,854,957,924,833,917,798,878,876,971,872,865,874,746,924,860,835,841,914,846,794,828,844,932,845,892,833,880,880,849,815
838,909,810,884,603,893,869,847,942,916,830,911,788,874,876,963,904,859,876,757,908,848,858,835,901,842,794,828,852,940,829,894,840,878,886,847,819
846,920,815,904,611,897,890,864,946,942,843,926,806,890,892,959,911,877,873,771,930,882,871,852,914,858,809,847,856,947,853,894,847,886,902,839,812
862,934,851,893,620,901,880,864,952,945,857,931,825,899,880,963,922,886,890,769,918,865,891,855,924,868,835,868,844,964,846,890,863,897,925,849,810
869,920,826,892,630,905,889,844,956,949,856,923,822,900,897,966,916,889,886,787,932,873,869,849,934,874,846,852,848,954,855,911,861,883,923,862,825
878,928,838,891,627,907,881,871,947,946,845,938,823,894,891,976,912,873,885,767,931,859,879,854,917,859,835,847,863,960,849,905,871,892,909,858,817
871,923,846,893,626,901,880,870,953,945,842,952,821,898,887,958,887,884,879,764,945,870,856,840,926,854,827,864,865,959,864,913,871,899,917,859,814
871,923,833,902,626,912,880,861,949,937,834,940,815,904,876,976,912,871,885,764,939,878,857,840,910,867,824,849,864,952,851,905,873,896,918,866,825
865,928,843,899,619,899,876,873,969,939,844,925,803,899,870,951,911,883,884,760,936,880,864,854,931,851,835,858,858,962,850,907,886,890,909,858,818
864,907,838,907,621,894,874,871,942,935,863,926,823,889,874,976,918,871,892,772,932,870,875,847,931,847,830,860,880,961,838,906,838,879,904,874,835
878,928,849,902,630,906,889,869,948,943,858,936,833,905,884,959,926,877,885,775,921,868,886,846,930,853,824,849,867,963,849,908,888,890,913,864,845
866,925,828,900,624,903,888,865,962,942,846,918,818,904,883,950,914,883,891,764,928,875,901,856,917,850,830,849,866,965,847,899,879,888,913,880,822
874,928,831,901,629,901,885,853,962,949,857,935,823,899,883,968,914,884,888,776,928,872,892,850,926,854,818,851,859,968,836,915,871,894,908,862,818
871,927,842,896,628,913,885,875,962,941,854,921,827,898,880,966,909,876,878,775,942,890,868,856,922,854,835,859,876,956,844,902,874,886,914,855,826
857,926,846,902,627,896,875,869,958,951,859,928,827,904,878,966,913,881,887,769,927,879,869,838,919,862,824,855,859,967,844,906,878,876,904,845,833
866,932,824,899,618,912,882,875,963,938,855,903,825,907,892,962,896,881,866,785,901,843,870,844,910,858,825,865,868,953,857,916,864,876,921,855,807
863,907,831,886,613,898,879,855,969,931,827,896,817,898,876,971,889,874,872,773,895,840,867,843,907,845,825,855,853,939,842,901,854,877,900,857,801
840,898,825,888,610,892,877,852,968,927,831,926,813,889,874,959,907,849,874,762,932,866,829,838,908,839,817,847,863,930,836,910,839,886,908,839,826
841,902,806,890,611,897,877,855,981,921,846,929,802,899,882,960,890,857,870,756,929,849,830,835,922,841,809,831,841,934,839,898,864,872,905,835,806
858,912,819,904,626,908,878,873,969,946,845,926,820,904,880,965,912,875,889,758,938,867,869,846,922,860,861,866,867,967,843,906,857,891,911,862,816
870,926,822,891,625,907,889,879,958,951,866,931,823,904,895,957,896,886,879,767,933,808,874,844,904,872,813,865,866,961,864,901,861,885,900,853,806
877,922,823,891,622,908,868,861,960,933,857,927,817,909,882,960,911,881,894,787,938,871,853,847,930,860,834,850,873,968,874,910,854,876,898,865,814
871,926,838,896,628,899,882,871,954,946,849,927,820,909,895,973,911,879,879,770,958,881,848,847,924,867,833,863,877,950,854,918,854,882,930,866,815
862,927,828,902,621,905,879,876,964,949,846,925,808,901,900,965,904,886,890,767,921,868,865,840,926,865,809,858,851,954,851,898,853,876,923,863,801
866,915,825,910,613,900,872,858,959,940,844,917,810,911,880,968,883,878,894,774,933,881,864,853,907,853,833,849,864,962,850,903,859,879,913,850,811
865,910,826,899,621,913,868,870,963,942,852,932,814,889,897,960,898,871,883,764,933,881,859,850,913,859,813,848,864,976,839,918,854,895,908,861,812
872,930,834,891,627,904,880,879,946,949,871,921,805,914,888,968,900,873,893,761,936,880,862,843,918,861,837,853,864,964,855,907,832,885,913,869,815
869,931,840,906,623,903,878,870,945,947,864,928,820,897,891,966,894,869,893,771,938,872,878,848,918,862,802,861,885,967,843,910,853,895,904,863,819
879,925,838,892,624,911,871,872,972,944,851,939,777,904,895,971,911,874,881,765,937,874,875,865,926,858,839,863,861,950,849,913,858,876,913,872,808
870,938,830,899,615,918,881,870,991,933,851,947,830,916,887,954,908,873,888,773,942,864,860,855,915,857,830,857,881,949,834,913,854,890,901,864,815
859,914,826,897,622,901,854,861,967,923,850,930,809,904,878,948,897,867,881,763,913,859,872,846,910,846,829,844,864,941,834,898,851,873,890,851,811
857,910,818,898,604,899,878,863,969,922,843,921,811,899,874,970,892,871,879,768,911,840,860,843,903,852,822,837,856,948,840,894,846,877,903,843,810
854,904,806,882,604,895,870,854,966,927,840,917,814,899,877,953,895,859,878,762,903,782,833,832,891,844,824,836,854,933,828,891,842,874,902,831,814
867,923,811,892,618,899,876,871,964,925,850,926,808,902,885,973,897,868,886,757,918,883,876,848,911,856,820,827,859,942,840,882,859,875,913,835,812
856,930,810,898,628,911,890,877,976,942,856,948,787,898,888,981,907,876,901,761,945,869,868,851,907,866,829,853,866,975,846,899,866,892,912,863,820
877,932,818,889,630,904,884,865,978,953,859,924,765,898,890,972,909,872,874,775,934,875,869,855,914,862,843,855,858,957,847,899,861,895,915,860,814
883,940,834,892,615,907,881,888,917,929,855,940,755,899,893,950,906,870,885,759,935,885,873,855,913,859,830,866,864,954,861,893,868,876,902,864,823
879,924,837,888,629,920,890,893,953,935,857,950,817,889,903,958,923,882,895,779,937,865,877,842,926,858,829,846,866,970,842,896,865,887,917,859,834
881,924,839,904,618,907,878,888,970,934,845,952,803,909,891,965,907,875,884,767,925,859,868,851,914,864,830,860,871,962,850,896,878,876,896,871,817
867,921,840,905,620,892,881,887,962,949,836,935,808,914,880,967,908,881,888,770,931,862,864,848,915,856,834,878,869,955,850,910,880,882,928,858,811
882,926,839,899,622,906,879,894,978,949,833,939,820,901,893,967,902,868,889,770,938,858,887,854,919,867,834,859,886,969,853,900,871,880,915,865,798
878,915,833,889,628,896,884,884,975,945,826,923,814,914,874,967,902,872,875,767,937,850,864,840,898,850,822,849,868,951,844,900,865,881,918,851,804
851,899,813,905,597,900,881,876,939,923,835,921,795,879,884,945,893,865,876,769,924,846,839,835,900,845,806,841,853,944,824,885,864,892,899,853,795
856,916,815,881,607,900,890,883,958,925,820,929,797,903,875,956,898,863,871,770,923,859,832,839,893,854,821,840,856,946,839,883,860,879,898,818,802
864,910,822,906,605,895,886,887,945,923,824,935,798,901,885,953,892,866,887,754,904,858,855,841,920,850,820,842,871,958,841,884,870,882,904,854,802
865,917,833,886,620,899,887,892,966,938,850,951,807,899,886,955,914,887,891,773,937,860,856,864,919,861,835,853,872,957,844,901,872,878,918,856,811
879,926,826,910,627,911,896,892,978,947,867,911,814,908,887,967,898,883,885,776,937,859,849,853,915,866,830,860,873,965,853,900,886,885,917,870,825
886,917,844,906,629,896,876,877,969,939,858,919,789,906,905,976,902,886,885,771,937,877,865,865,914,870,827,854,859,956,852,907,868,877,912,858,826
874,925,845,891,621,900,886,879,973,931,857,933,810,901,894,971,909,880,888,771,943,867,855,843,914,870,837,849,867,956,855,886,876,865,903,846,820
878,925,840,894,630,907,891,876,963,932,859,934,815,897,881,956,907,882,863,779,931,845,858,842,922,856,812,845,880,955,854,897,871,891,912,845,825
877,930,833,902,620,914,882,891,970,943,863,931,804,917,879,964,913,877,883,770,934,906,874,856,918,852,833,874,866,978,850,916,872,889,916,851,806
877,926,832,898,625,907,879,894,967,952,855,929,808,908,901,966,906,866,875,772,938,886,897,843,921,846,852,874,863,950,839,890,898,880,905,865,811
871,922,825,886,603,899,873,889,963,956,868,930,820,909,890,962,907,874,888,772,928,852,879,849,927,860,822,867,870,961,855,909,873,884,924,860,811
864,922,830,901,606,904,885,880,972,952,857,951,806,909,883,965,906,881,892,773,936,863,870,858,934,863,831,878,846,957,846,892,898,899,908,868,804
887,920,833,903,607,881,902,892,957,932,847,943,816,911,876,959,891,873,894,764,941,886,844,843,920,858,835,858,846,955,862,903,886,882,910,867,797
877,919,815,908,619,893,901,892,964,930,871,933,818,904,894,942,905,874,883,762,927,866,871,849,901,859,836,847,855,950,850,906,803,878,906,864,812
870,921,831,891,636,898,874,894,961,947,854,954,819,902,886,954,906,887,884,762,953,858,857,855,911,860,836,859,864,969,846,905,855,878,907,863,826
870,913,834,888,624,891,873,883,940,930,838,925,801,899,892,955,893,872,883,773,936,868,855,842,894,853,823,862,861,950,842,900,831,895,907,854,804
851,903,821,892,618,884,876,873,953,934,835,938,804,893,879,967,903,862,876,757,910,863,862,834,904,846,825,842,859,945,848,885,828,880,894,841,805
848,911,810,898,615,888,879,882,968,913,835,938,806,895,878,946,916,864,872,766,901,861,838,836,892,859,810,848,847,945,836,892,822,863,903,848,802
853,901,809,893,615,901,880,900,970,932,857,938,820,888,874,945,920,875,866,773,913,859,829,845,897,850,818,851,864,941,840,896,838,865,897,842,814
863,934,840,907,607,890,900,887,965,947,854,947,821,903,884,966,901,865,870,776,927,876,864,863,921,874,851,855,870,961,854,903,840,883,897,857,822
879,929,838,895,626,904,887,887,968,945,849,935,811,902,899,963,901,885,888,777,927,865,883,840,932,866,826,868,887,967,856,897,849,892,879,863,814
872,919,834,914,634,906,886,886,962,953,852,931,814,901,888,969,906,884,882,771,929,867,855,850,919,867,836,857,868,956,860,900,855,880,922,856,811
878,917,840,884,619,890,888,891,966,950,855,921,787,903,876,960,902,882,886,762,941,871,872,851,919,864,832,860,887,958,872,897,848,871,905,861,819
879,936,833,898,619,899,891,893,969,938,858,923,818,893,894,968,895,876,892,774,943,878,850,847,922,863,824,859,872,961,857,905,858,861,915,860,824
880,924,833,905,619,911,889,891,961,934,843,929,825,891,893,950,909,881,876,764,931,874,794,848,918,862,796,854,884,954,851,902,859,868,914,862,813
876,922,818,904,640,900,882,889,979,923,834,942,806,901,890,962,902,880,890,769,925,872,854,847,911,857,834,854,877,957,844,902,850,879,905,849,798
872,912,830,889,618,888,872,871,907,918,824,918,781,885,876,965,891,868,873,770,924,852,823,841,896,852,822,837,853,943,844,900,828,870,905,838,799
839,895,817,890,603,899,868,868,961,920,831,920,796,909,881,956,900,865,875,770,901,860,860,846,904,855,802,834,851,929,826,891,836,883,914,833,791
836,901,821,893,611,897,866,880,966,900,829,915,802,884,875,946,894,871,873,761,919,863,845,840,896,849,805,842,852,943,846,885,842,874,912,830,805
857,913,809,903,607,903,878,890,952,917,847,943,801,882,895,958,895,868,877,767,944,863,853,852,906,862,803,853,874,940,848,895,843,884,893,843,818
867,935,851,908,623,919,890,892,955,935,853,945,828,879,885,953,878,884,887,768,948,872,873,843,927,864,835,858,851,958,858,902,842,906,905,864,812
876,939,843,898,633,903,891,898,950,935,848,929,830,886,898,950,883,878,879,772,937,871,867,844,936,863,813,860,866,957,853,903,863,892,916,866,784
863,927,826,904,622,907,887,907,955,931,856,936,800,899,891,951,894,883,876,773,945,876,867,846,913,859,815,877,856,970,859,906,857,870,905,853,812
880,926,803,894,624,910,885,896,956,936,856,930,821,894,889,968,903,881,890,781,942,860,889,861,920,871,823,862,869,971,852,904,847,889,921,859,827
872,920,820,897,617,910,886,898,942,940,842,944,813,895,885,946,896,890,897,780,930,846,868,859,917,863,823,853,851,963,859,905,845,883,912,871,816
882,921,816,899,628,900,886,900,970,947,853,949,835,906,903,957,893,890,896,783,940,857,884,863,917,869,826,857,868,957,857,900,870,893,908,860,821
877,922,833,895,621,908,891,886,968,946,857,926,830,904,884,980,908,877,887,767,932,869,828,834,909,873,829,860,872,962,854,919,846,888,916,855,822
885,926,838,906,627,899,886,906,966,938,852,933,819,919,895,962,916,876,896,763,931,875,878,861,927,857,829,860,876,955,849,910,782,867,909,863,808
878,917,834,902,622,914,880,894,961,960,863,946,817,901,902,979,895,883,891,773,926,891,882,854,921,876,835,866,881,964,852,910,849,888,922,862,806
860,938,834,906,623,917,877,898,971,934,850,944,832,921,874,965,904,880,890,772,938,877,874,837,909,862,833,868,880,956,852,897,833,885,914,865,794
876,937,824,899,624,911,883,907,971,943,858,929,866,898,885,967,909,877,871,772,940,850,871,856,917,866,850,858,871,969,849,896,815,895,915,865,822
874,920,829,906,625,899,882,900,984,939,867,934,855,895,882,964,918,875,880,770,926,876,889,850,917,870,829,855,877,959,850,900,837,879,923,849,808
866,912,825,902,620,903,868,876,991,922,832,921,824,890,867,959,873,865,866,772,922,858,864,844,890,855,825,850,865,940,841,895,820,873,893,827,817
852,903,808,894,592,898,889,894,954,946,836,946,810,902,872,947,921,872,864,772,915,848,871,842,856,852,824,817,871,937,843,890,836,873,896,822,800
864,921,810,895,592,903,870,883,948,937,835,938,822,900,875,959,920,875,872,765,920,848,850,841,919,853,810,830,831,938,843,880,828,873,893,813,799
854,906,819,899,607,906,880,900,962,932,841,936,829,908,889,972,922,875,874,779,919,878,807,853,924,864,815,838,866,934,855,885,825,889,902,842,802
865,921,837,910,601,916,878,908,972,949,845,957,832,905,893,950,906,886,880,773,927,880,856,839,920,854,837,868,874,952,854,899,833,890,910,840,810
871,928,829,913,624,909,887,895,968,959,856,952,837,910,888,965,848,878,880,773,942,861,848,860,931,852,830,855,870,964,874,897,889,901,894,879,815
875,934,842,906,622,925,893,898,964,960,858,921,822,902,887,961,928,882,868,776,941,867,857,858,923,862,827,849,852,964,856,904,907,886,923,863,809
872,934,840,902,624,898,890,903,971,950,850,931,820,920,893,968,873,879,866,779,941,851,873,858,933,857,826,851,878,942,851,901,880,876,919,867,801
866,921,852,905,630,909,895,897,947,946,849,938,830,906,891,976,893,880,871,782,935,803,855,850,924,862,823,864,869,967,845,900,895,879,900,861,800
869,921,832,907,624,914,883,895,971,951,866,933,828,904,890,962,911,876,877,789,929,875,863,838,926,871,820,869,877,951,862,905,880,884,919,868,809
873,926,821,907,623,907,870,908,970,940,844,918,830,901,898,963,916,878,880,775,927,874,856,858,923,870,831,853,877,946,857,892,883,873,909,861,810
869,916,854,902,607,895,870,901,973,926,841,914,816,894,887,954,894,866,866,768,885,848,851,846,910,862,836,862,870,955,842,889,833,874,911,847,797
865,916,823,888,617,896,878,857,965,930,839,917,815,887,890,951,902,860,885,775,902,858,845,835,907,860,809,850,870,948,827,891,825,878,889,847,799
850,908,821,892,611,905,880,881,963,927,840,911,817,908,890,952,903,867,864,758,888,853,850,842,896,865,808,842,859,951,849,886,837,860,903,833,796
844,910,815,902,620,895,883,877,958,938,849,941,801,901,885,916,902,866,872,761,918,865,851,849,903,852,817,844,849,940,844,889,841,883,891,848,807
869,925,847,900,621,896,882,906,970,940,852,941,820,904,886,962,913,885,884,755,923,877,851,857,922,878,839,858,886,960,863,893,856,891,914,847,827
870,933,842,916,627,901,897,904,975,957,853,935,824,908,882,929,909,890,893,784,940,868,878,865,941,863,836,866,883,968,863,904,856,884,909,863,822
879,931,840,902,635,911,890,882,964,960,850,927,819,904,894,963,900,878,890,786,947,871,867,838,916,871,842,850,866,968,870,902,854,892,913,856,814
872,920,835,911,625,911,881,890,968,951,849,939,814,922,899,952,893,885,892,772,929,889,843,841,921,855,830,869,866,966,837,905,864,864,908,862,814
869,920,838,898,616,912,894,890,979,945,852,934,836,912,896,947,897,876,886,773,920,893,857,858,925,865,828,860,862,967,845,890,860,891,919,875,806
875,918,839,920,615,906,887,888,971,957,851,946,822,904,889,953,903,880,894,782,930,885,852,854,931,855,828,867,873,967,866,899,854,883,911,855,809
868,911,829,906,618,898,873,891,948,944,839,911,808,881,883,950,896,859,883,766,902,868,832,845,926,859,815,831,863,950,857,887,871,873,911,847,790
847,902,845,903,604,889,871,886,934,925,833,932,809,890,877,951,911,868,870,778,889,849,825,839,892,837,806,846,851,949,851,888,840,872,908,837,787
848,920,814,900,596,894,880,870,936,942,836,926,803,897,882,944,892,856,887,758,890,848,836,838,900,851,822,832,840,945,853,893,852,874,893,843,811
852,917,818,891,612,913,882,892,959,948,845,936,810,900,892,952,890,867,901,771,919,869,857,839,911,860,828,842,860,947,851,896,857,890,915,851,783
871,928,848,896,620,906,886,905,942,964,849,941,804,904,880,937,889,881,900,767,942,874,869,846,915,856,831,853,872,962,859,906,864,884,907,851,825
866,924,839,901,624,901,883,907,936,958,848,950,814,901,899,949,912,886,903,771,944,857,858,857,915,880,820,858,862,971,872,896,862,875,913,868,782
867,943,835,912,631,899,887,894,940,945,850,950,818,909,899,956,912,885,896,772,940,870,867,855,914,854,838,852,877,968,871,903,834,878,911,861,822
871,917,843,902,625,905,888,894,943,945,852,934,812,898,897,959,908,870,902,780,928,855,855,853,917,861,819,856,869,972,877,907,846,895,917,865,813
854,934,845,896,632,913,875,887,957,936,848,953,756,898,897,979,898,875,903,777,924,875,853,856,915,865,825,869,868,964,845,894,877,893,917,862,826
856,928,827,906,620,911,873,900,958,944,851,964,833,903,892,969,905,883,897,769,932,873,848,855,915,868,814,872,850,963,861,900,872,890,907,854,814
865,921,836,915,633,904,891,891,933,945,862,972,789,899,884,967,914,882,892,773,943,868,850,855,931,856,805,858,852,965,871,897,880,879,929,869,812
884,931,826,901,620,912,883,885,955,940,859,959,822,895,891,967,905,873,900,777,933,875,883,858,915,855,812,857,851,965,859,900,892,887,926,854,808
873,923,822,906,616,901,892,888,966,948,832,950,805,893,878,969,892,885,883,780,929,856,863,851,912,852,811,855,849,961,849,905,865,885,911,835,800
862,908,833,887,615,935,882,877,958,927,831,941,807,909,902,961,900,878,883,774,928,852,854,827,903,843,818,836,831,944,832,882,869,866,884,832,796
855,908,818,888,619,919,869,890,964,925,840,939,794,895,888,963,893,862,898,767,893,849,855,836,909,845,829,840,841,954,846,884,853,874,906,836,803
837,912,813,894,609,916,871,887,922,931,842,920,804,885,870,971,886,867,876,776,911,852,874,840,906,855,829,842,852,947,846,897,868,864,899,823,790
862,908,806,897,603,928,879,877,953,936,847,931,798,896,873,943,894,874,897,764,914,874,852,851,895,856,852,846,846,948,848,884,863,892,918,827,799
840,921,827,896,622,922,882,881,949,926,853,936,812,874,884,951,904,874,889,772,915,855,870,849,903,862,856,846,846,956,845,892,860,888,915,842,802
842,919,813,908,608,915,868,881,947,941,853,938,808,892,885,947,904,871,884,769,918,834,865,853,906,863,859,844,847,969,853,885,875,864,910,835,791
846,910,809,903,618,913,881,890,947,944,841,944,806,902,892,939,902,875,891,774,928,831,874,844,910,856,848,841,862,946,849,892,865,868,912,845,789
854,906,822,903,619,914,888,886,944,949,863,927,814,909,891,944,906,868,890,774,910,877,883,845,909,856,850,851,863,966,849,894,865,876,905,842,796
852,920,841,910,610,910,886,880,947,939,843,921,811,900,891,949,896,880,901,761,922,839,882,847,921,847,857,861,859,953,849,899,875,879,911,830,806
848,913,816,902,613,925,882,891,949,951,843,924,810,902,886,941,916,888,890,764,923,847,871,832,904,861,843,842,871,970,854,892,872,871,902,846,808
866,922,824,905,606,923,886,873,940,948,849,921,807,892,901,958,917,878,887,766,923,850,877,845,912,851,847,861,865,968,848,903,874,870,915,843,800
863,919,830,904,615,910,882,890,949,951,846,926,804,893,885,951,918,884,893,770,924,861,872,852,913,864,855,860,876,962,874,903,862,881,904,848,799
867,915,824,898,620,922,893,878,954,944,851,920,804,903,889,960,903,886,892,767,926,861,867,857,921,857,845,844,869,959,846,900,873,859,905,842,797
874,928,820,898,606,922,883,876,947,943,844,942,801,912,875,954,886,865,885,769,916,859,865,845,922,855,840,841,857,944,854,899,868,867,910,835,802
